prov0,Youzhou
prov1,Tanzhou
prov2,Jizhou
prov3,Pingzhou
prov4,Yingzhou
prov5,Guizhou
prov6,Zhuozhou
prov7,Mozhou
prov8,Yingzhou
prov9,Yizhou
prov10,Dingzhou
prov11,Cangzhou
prov12,Jingzhou
prov13,Dezhou
prov14,Dizhou
prov15,Hengzhou
prov16,Zhaozhou
prov17,Shenzhou
prov18,Jizhou
prov19,Xingzhou
prov20,Mingzhou
prov21,Cizhou
prov22,Luzhou
prov23,Zezhou
prov24,Beizhou
prov25,Bozhou
prov26,Weizhou
prov27,Chanzhou
prov28,Xiangzhou
prov29,Weizhou
prov30,Yuzhou
prov31,Yunzhou
prov32,Daizhou
prov33,Shuozhou
prov34,Xinzhou
prov35,Lanzhou
prov36,Bingzhou Hedongfu
prov37,Liaozhou
prov38,Shizhou
prov39,Fenzhou
prov40,Qinzhou
prov41,Xizhou
prov42,Jinzhou
prov43,Cizhou
prov44,Jiangzhou
prov45,Puzhou Hezhongfu
prov46,Huaizhou
prov47,Mengzhou
prov48,Shengzhou
prov49,Fengzhou
prov50,Linzhou
prov51,Yinzhou
prov52,Suizhou
prov53,Xiazhou
prov54,Youzhou
prov55,Yanzhou
prov56,Lingzhou
prov57,Yanzhou
prov58,Danzhou
prov59,Fuzhou
prov60,Fangzhou
prov61,Qingzhou
prov62,Ningzhou
prov63,Binzhou
prov64,Jingzhou
prov65,Longzhou
prov66,Qizhou Fengxiangfu
prov67,Yongzhou Jingzhaofu
prov68,Tongzhou
prov69,Huazhou
prov70,Shangzhou
prov71,Jinzhou
prov72,Shanzhou
prov73,Guozhou
prov74,Luozhou Henanfu
prov75,Ruzhou
prov76,Zhengzhou
prov77,Huazhou
prov78,Xuzhou
prov79,Yinzhou
prov80,Chenzhou
prov81,Caizhou
prov82,Bianzhou
prov83,Songzhou
prov84,Bozhou
prov85,Yingzhou
prov86,Caozhou
prov87,Puzhou
prov88,Yunzhou
prov89,Qizhou
prov90,Zizhou
prov91,Qingzhou
prov92,Laizhou
prov93,Dengzhou
prov94,Yanzhou
prov95,Yizhou
prov96,Mizhou
prov97,Haizhou
prov98,Xuzhou
prov99,Suzhou
prov100,Sizhou
prov101,Haozhou
prov102,Chuzhou
prov103,Yangzhou
prov104,Chuzhou
prov105,Hezhou
prov106,Luzhou
prov107,Shouzhou
prov108,Guangzhou
prov109,Shuzhou
prov110,Fengzhou
prov111,Xingzhou
prov112,Liangzhou Xingyuanfu
prov113,Yangzhou
prov114,Wenzhou
prov115,Lizhou
prov116,Jizhou
prov117,Bizhou
prov118,Langzhou
prov119,Bazhou
prov120,Guozhou
prov121,Pengzhou
prov122,Quzhou
prov123,Tongzhou
prov124,Kaizhou
prov125,Fuzhou
prov126,Wanzhou
prov127,Kuizhou
prov128,Guizhou
prov129,Xiazhou
prov130,Jingzhou Jianglingfu
prov131,Lizhou
prov132,Langzhou
prov133,Zhongzhou
prov134,Dengzhou
prov135,Tangzhou
prov136,Junzhou
prov137,Fangzhou
prov138,Xiangzhou
prov139,Suizhou
prov140,Yingzhou
prov141,Fuzhou
prov142,Shenzhou
prov143,Anzhou
prov144,Huangzhou
prov145,Qizhou
prov146,Mianzhou
prov147,Ezhou
prov148,Yuezhou
prov149,Longzhou
prov150,Jianzhou
prov151,Mianzhou
prov152,Zizhou
prov153,Puzhou
prov154,Suizhou
prov155,Hezhou
prov156,Changzhou
prov157,Yuzhou
prov158,Luzhou
prov159,Rongzhou
prov160,Lingzhou
prov161,Maozhou
prov162,Pengzhou
prov163,Hanzhou
prov164,Shuzhou
prov165,Yizhou Chengdufu
prov166,Jianzhou
prov167,Zizhou
prov168,Qiongzhou
prov169,Yazhou
prov170,Meizhou
prov171,Lizhou
prov172,Jiazhou
prov173,Xizhou
prov174,Rongzhou
prov175,Shengzhou
prov176,Runzhou
prov177,Changzhou
prov178,Suzhou
prov179,Huzhou
prov180,Hangzhou
prov181,Muzhou
prov182,Xuanzhou
prov183,Chizhou
prov184,Shezhou
prov185,Yuezhou
prov186,Mingzhou
prov187,Wuzhou
prov188,Taizhou
prov189,Quzhou
prov190,Chuzhou
prov191,Wenzhou
prov192,Fuzhou
prov193,Jianzhou
prov194,Quanzhou
prov195,Zhangzhou
prov196,Tingzhou
prov197,Jiangzhou
prov198,Raozhou
prov199,Hongzhou
prov200,Xinzhou
prov201,Yuanzhou
prov202,Fuzhou
prov203,Jizhou
prov204,Qianzhou
prov205,Tanzhou
prov206,Shaozhou
prov207,Hengzhou
prov208,Yongzhou
prov209,Daozhou
prov210,Chenzhou
prov211,Lianzhou
prov212,Shizhou
prov213,Qianzhou
prov214,Qinzhou
prov215,Zhenzhou
prov216,Sizhou
prov217,Xizhou
prov218,Jinzhou
prov219,Chenzhou
prov220,Bozhou
prov221,Yizhou
prov222,Chongzhou
prov223,Xuzhou
prov224,Juzhou
prov225,Shaozhou
prov226,Chaozhou
prov227,Xunzhou
prov228,Guangzhou
prov229,Fengzhou
prov230,Kangzhou
prov231,Duanzhou
prov232,Longzhou
prov233,Xinzhou
prov234,Enzhou
prov235,Gaozhou
prov236,Leizhou
prov237,Rongzhou
prov238,Guizhou
prov239,Zhaozhou
prov240,Hezhou
prov241,Wuzhou
prov242,Yanzhou
prov243,Liuzhou
prov244,Tengzhou
prov245,Rongzhou
prov246,Yulinzhou
prov247,Lianzhou
prov248,Xunzhou
prov249,Guizhou
prov250,Binzhou
prov251,Qinzhou
prov252,Yongzhou
prov253,Wudingzhou
prov254,Tangzhou
prov255,Luzhou
prov256,Jiaozhou
prov257,Aizhou
prov258,Huanzhou
prov259,Observer
provcap0,Ji
provcap1,Miyun
provcap2,Yuyang
provcap3,Lulong
provcap4,Liucheng
provcap5,Huairong
provcap6,Fanyang
provcap7,Mo
provcap8,Hejian
provcap9,Yi
provcap10,Anxi
provcap11,Qingchi
provcap12,Gonggao
provcap13,Pingyuan
provcap14,Yanci
provcap15,Zhending
provcap16,Pingji
provcap17,Raoyang
provcap18,Xindu
provcap19,Longgang
provcap20,Yongnian
provcap21,Fuyang
provcap22,Shangdang
provcap23,Jincheng
provcap24,Qinghe
provcap25,Liaocheng
provcap26,Yuancheng
provcap27,Dunqiu
provcap28,Anyang
provcap29,Ji
provcap30,Lingqiu
provcap31,Yunzhong
provcap32,Yanmen
provcap33,Shanyang
provcap34,Xiurong
provcap35,Yifang
provcap36,Taiyuan
provcap37,Yushe
provcap38,Lishi
provcap39,Xihe
provcap40,Qinyuan
provcap41,Xichuan
provcap42,Linfen
provcap43,Jichang
provcap44,Zhengping
provcap45,Hedong
provcap46,Henei
provcap47,Heyang
provcap48,Yulin
provcap49,Jiuyuan
provcap50,Xinqin
provcap51,Rulin
provcap52,Shangxian
provcap53,Shuofang
provcap54,Yanen
provcap55,Wuyuan
provcap56,Huile
provcap57,Fushi
provcap58,Yichuan
provcap59,Luojiao
provcap60,Zhongbu
provcap61,Shunhua
provcap62,Dingan
provcap63,Xinping
provcap64,Anding
provcap65,Qianyuan
provcap66,Tianxing
provcap67,Wannian
provcap68,Pingyi
provcap69,Zheng
provcap70,Shangluo
provcap71,Xicheng
provcap72,Shan
provcap73,Hongnong
provcap74,Henan
provcap75,Liang
provcap76,Guancheng
provcap77,Baima
provcap78,Changshe
provcap79,Yancheng
provcap80,Wanqiu
provcap81,Ruyang
provcap82,Junyi
provcap83,Songcheng
provcap84,Qiao
provcap85,Ruyin
provcap86,Jiyin
provcap87,Juancheng
provcap88,Yuncheng
provcap89,Licheng
provcap90,Zichuan
provcap91,Yidu
provcap92,Ye
provcap93,Penglai
provcap94,Qufu
provcap95,Linyi
provcap96,Zhucheng
provcap97,Qushan
provcap98,Pengcheng
provcap99,Fuli
provcap100,Linhuai
provcap101,Zhongli
provcap102,Shanyang
provcap103,Jiangdu
provcap104,Qingliu
provcap105,Liyang
provcap106,Hefei
provcap107,Shouchun
provcap108,Dingcheng
provcap109,Huaining
provcap110,Liangquan
provcap111,Shunzheng
provcap112,Nanzheng
provcap113,Xingdao
provcap114,Qushui
provcap115,Miangu
provcap116,Nanjiang
provcap117,Tongjiang
provcap118,Langzhong
provcap119,Huacheng
provcap120,Nanchong
provcap121,Pengchi
provcap122,Liujiang
provcap123,Tongchuan
provcap124,Kaijiang
provcap125,Fuling
provcap126,Nanpu
provcap127,Fengjie
provcap128,Zigui
provcap129,Yiling
provcap130,Jiangling
provcap131,Liyang
provcap132,Wuling
provcap133,Linjiang
provcap134,Rang
provcap135,Biyang
provcap136,Wudang
provcap137,Fangling
provcap138,Xiangyang
provcap139,Sui
provcap140,Changshou
provcap141,Jingling
provcap142,Yiyang
provcap143,Anlu
provcap144,Huanggang
provcap145,Qichun
provcap146,Hanyang
provcap147,Jiangxia
provcap148,Baling
provcap149,Jiangyou
provcap150,Puan
provcap151,Baxi
provcap152,Qi
provcap153,Anyue
provcap154,Fangyi
provcap155,Shijing
provcap156,Changyuan
provcap157,Ba
provcap158,Luchuan
provcap159,Xuchuan
provcap160,Renshou
provcap161,Wenshan
provcap162,Jiulong
provcap163,Luo
provcap164,Jinyuan
provcap165,Chengdu
provcap166,Yangan
provcap167,Panshi
provcap168,Linqiong
provcap169,Yandao
provcap170,Tongyi
provcap171,Hanyuan
provcap172,Longyou
provcap173,Dahe
provcap174,Nanxi
provcap175,Jiangning
provcap176,Dantu
provcap177,Jingling
provcap178,Wu
provcap179,Wucheng
provcap180,Qiantang
provcap181,Jiande
provcap182,Xuancheng
provcap183,Qiupu
provcap184,She
provcap185,Kuaiji
provcap186,Mao
provcap187,Jinhua
provcap188,Linhai
provcap189,Xian
provcap190,Lishui
provcap191,Yongjia
provcap192,Min
provcap193,Shaowu
provcap194,Jinjang
provcap195,Longxi
provcap196,Changting
provcap197,Xunyang
provcap198,Poyang
provcap199,Nanchang
provcap200,Shangrao
provcap201,Yichun
provcap202,Linchuan
provcap203,Luling
provcap204,Gan
provcap205,Changsha
provcap206,Shaoyang
provcap207,Hengyang
provcap208,Lingling
provcap209,Hongdao
provcap210,Chen
provcap211,Guiyang
provcap212,Qingjiang
provcap213,Pengshui
provcap214,Rongyi
provcap216,Wuchuan
provcap217,Daxiang
provcap218,Luyang
provcap219,Yuanling
provcap220,Zunyi
provcap221,Suiyang
provcap223,Longbiao
provcap225,Qujiang
provcap226,Haiyang
provcap227,Guishan
provcap228,Nanhai
provcap229,Fengchuan
provcap230,Duanxi
provcap231,Gaoyao
provcap232,Longshui
provcap233,Xinxing
provcap234,Enping
provcap235,Dianbai
provcap236,Haikang
provcap237,Rongshui
provcap238,Lingui
provcap239,Pingle
provcap240,Linhe
provcap241,Cangwu
provcap242,Laibin
provcap243,Maping
provcap244,Tanjin
provcap245,Puning
provcap246,Yuping
provcap247,Hepu
provcap248,Guiping
provcap249,Yulin
provcap250,Lingfang
provcap251,Baojing
provcap252,Xuanwu
provcap255,Niaolei
provcap256,Songping
provcap257,Jiuzhen
provcap258,Jiude
provcap259,Observer
